player_id,first_name,second_name,name,team,position_type_id,cost,total_points,selected_by_percent,minutes,goals_scored,assists,clean_sheets,yellow_cards,red_cards
1,Fábio,Ferreira Vieira,Fábio Vieira,1,3,5.4,0,0.0,0,0,0,0,0,0
2,Gabriel,Fernando de Jesus,G.Jesus,1,4,6.5,42,1.1,600,3,2,2,4,0
3,Gabriel,dos Santos Magalhães,Gabriel,1,2,6.2,117,13.4,2363,3,2,10,4,0
4,Kai,Havertz,Havertz,1,4,7.7,96,5.8,1839,9,3,7,4,0
5,Karl,Hein,Hein,1,1,4.0,0,0.0,0,0,0,0,0,0
6,Jurriën,Timber,J.Timber,1,2,5.7,114,6.9,2415,1,3,11,7,0
7,Jorge Luiz,Frello Filho,Jorginho,1,3,4.6,19,0.2,700,0,0,2,5,0
8,Jakub,Kiwior,Kiwior,1,2,4.8,32,1.6,757,1,0,2,0,0
9,Gabriel,Martinelli Silva,Martinelli,1,3,6.5,111,2.7,1949,7,4,9,1,0
12,Ethan,Nwaneri,Nwaneri,1,3,4.5,63,2.0,804,4,2,4,1,0
13,Martin,Ødegaard,Ødegaard,1,3,8.2,90,5.3,2036,2,6,10,4,0
15,David,Raya Martin,Raya,1,1,5.6,130,30.3,3060,0,0,12,2,0
16,Declan,Rice,Rice,1,3,6.2,105,3.6,2570,2,7,10,5,1
17,Bukayo,Saka,Saka,1,3,10.5,119,22.9,1450,6,11,6,3,0
18,William,Saliba,Saliba,1,2,6.6,127,31.4,2814,2,0,12,2,1
20,Thomas,Partey,Thomas,1,3,4.9,99,0.8,2433,4,3,8,4,0
21,Kieran,Tierney,Tierney,1,2,4.3,15,0.1,174,0,0,1,0,0
22,Tomiyasu,Takehiro,Tomiyasu,1,2,4.8,1,0.0,6,0,0,0,0,0
23,Leandro,Trossard,Trossard,1,3,6.7,136,3.6,2265,8,6,10,2,1
24,Benjamin,White,White,1,2,6.1,37,2.2,853,0,1,4,2,0
25,Oleksandr,Zinchenko,Zinchenko,1,2,4.8,36,0.9,443,0,1,4,1,0
73,Norberto,Murara Neto,Neto,1,1,4.1,7,0.7,180,0,0,0,0,0
186,Raheem,Sterling,Sterling,1,3,6.7,23,0.8,424,0,2,1,1,0
578,Riccardo,Calafiori,Calafiori,1,2,5.8,37,1.2,921,2,1,1,4,0
597,Myles,Lewis-Skelly,Lewis-Skelly,1,3,4.5,30,0.4,1072,1,0,4,2,2
633,Mikel,Merino,Merino,1,3,6.1,85,3.4,1391,6,2,4,2,0
638,Salah-Eddine,Oulad M'hand,Oulad M'hand,1,3,4.5,0,0.0,0,0,0,0,0,0
639,Tommy,Setford,Setford,1,1,4.5,0,0.1,0,0,0,0,0,0
657,Maldini,Kacurri,Kacurri,1,2,4.0,0,0.1,0,0,0,0,0,0
659,Ismeal,Kabia,Kabia,1,3,4.5,0,0.0,0,0,0,0,0,0
662,Josh,Nichols,Nichols,1,2,4.0,0,0.1,0,0,0,0,0,0
665,Nathan,Butler-Oyedeji,Butler-Oyedeji,1,4,4.5,1,0.2,6,0,0,0,0,0
735,Mikel,Arteta,Arteta,1,5,1.5,81,19.0,0,0,0,0,0,0
756,Jack,Porter,Porter,1,1,4.0,0,0.0,0,0,0,0,0,0
790,Jimi,Gower,Gower,1,3,4.5,0,0.0,0,0,0,0,0,0
793,Jack,Henry-Francis,Jack Henry-Francis,1,3,4.5,0,0.0,0,0,0,0,0,0
28,Leon,Bailey,Bailey,2,3,6.2,46,0.7,1131,1,2,2,3,0
29,Ross,Barkley,Barkley,2,3,5.2,41,0.2,552,3,1,1,3,0
30,Enzo,Barrenechea,Barrenechea,2,3,4.9,0,0.0,0,0,0,0,0,0
31,Emiliano,Buendía Stati,Buendia,2,3,5.1,11,0.1,89,0,0,0,1,0
32,Matty,Cash,Cash,2,2,4.4,57,1.1,1709,1,1,4,6,0
33,Leander,Dendoncker,Dendoncker,2,3,4.5,0,0.2,0,0,0,0,0,0
34,Moussa,Diaby,Diaby,2,3,6.5,0,0.0,0,0,0,0,0,0
35,Diego Carlos,Santos Silva,Diego Carlos,2,2,4.5,21,0.3,828,0,0,2,1,0
36,Lucas,Digne,Digne,2,2,4.5,81,6.2,2239,0,5,5,4,0
37,Lewis,Dobbin,Dobbin,2,3,5.0,0,0.0,0,0,0,0,0,0
38,Jhon,Durán,Duran,2,4,5.7,53,1.6,622,7,0,2,3,1
39,Joe,Gauci,Gauci,2,1,4.0,0,0.5,0,0,0,0,0,0
40,Kortney,Hause,Hause,2,2,3.9,0,0.5,0,0,0,0,0,0
41,Samuel,Iling-Junior,Iling Jr,2,3,5.4,0,0.0,0,0,0,0,0,0
42,Boubacar,Kamara,Kamara,2,3,5.0,39,0.0,1367,0,0,3,2,0
43,Kaine,Kesler-Hayden,Kesler-Hayden,2,2,4.0,0,0.0,0,0,0,0,0,0
44,Ezri,Konsa Ngoyo,Konsa,2,2,4.4,76,7.1,2576,1,0,5,0,0
45,Ian,Maatsen,Maatsen,2,2,4.5,43,1.4,874,1,2,1,2,0
46,Filip,Marschall,Marschall,2,1,4.0,0,0.0,0,0,0,0,0,0
47,Emiliano,Martínez Romero,Martinez,2,1,5.0,90,12.0,2880,0,0,5,4,0
48,John,McGinn,McGinn,2,3,5.2,65,0.7,1987,1,3,5,7,0
49,Tyrone,Mings,Mings,2,2,4.4,41,0.2,1050,0,1,3,1,0
50,Kosta,Nedeljković,Nedeljkovic,2,2,3.9,5,0.5,121,0,0,0,0,0
51,Robin,Olsen,Olsen,2,1,4.5,8,0.1,180,0,0,1,0,0
52,Pau,Torres,Pau,2,2,4.2,41,0.8,1729,0,0,3,1,0
53,Jacob,Ramsey,Ramsey,2,3,5.4,64,0.3,1480,1,4,4,2,0
54,Morgan,Rogers,Rogers,2,3,5.7,145,22.5,2764,8,9,7,9,0
55,Viljami,Sinisalo,Sinisalo,2,1,4.0,0,0.0,0,0,0,0,0,0
56,Lino,da Cruz Sousa,Sousa,2,2,4.0,0,0.0,0,0,0,0,0,0
57,Youri,Tielemans,Tielemans,2,3,5.5,109,1.3,2915,2,7,6,4,0
58,Ollie,Watkins,Watkins,2,4,8.9,168,18.6,2258,15,7,7,2,0
167,Axel,Disasi,Disasi,2,2,4.2,33,0.4,851,1,0,3,3,0
233,Amadou,Onana,Onana,2,3,4.8,55,2.1,1345,3,0,3,4,0
385,Marcus,Rashford,Rashford,2,3,6.7,95,7.1,1414,6,4,7,2,0
598,Lamare,Bogarde,Bogarde,2,2,3.9,6,0.3,473,0,0,0,2,0
640,Sil,Swinkels,Swinkels,2,2,4.0,0,0.1,0,0,0,0,0,0
641,Oliwier,Zych,Zych,2,1,4.0,0,0.5,0,0,0,0,0,0
656,Kadan,Young,Young,2,3,4.4,0,0.2,0,0,0,0,0,0
679,Ben,Broggio,Broggio,2,3,4.5,0,0.0,0,0,0,0,0,0
710,Jamaldeen,Jimoh,Jimoh,2,3,4.5,0,0.0,0,0,0,0,0,0
725,Donyell,Malen,Malen,2,3,5.3,31,0.3,267,3,0,0,0,0
731,Andrés,García,A. Garcia,2,2,4.5,8,0.1,316,0,0,0,0,0
737,Unai,Emery,Emery,2,5,0.8,77,6.6,0,0,0,0,0,0
762,Marco,Asensio,M.Asensio,2,3,6.2,37,3.6,477,3,2,1,1,0
59,Max,Aarons,Aarons,3,2,4.3,8,0.1,84,0,0,1,0,0
60,Tyler,Adams,Adams,3,3,4.9,48,0.1,1524,0,3,5,6,0
61,Jaidon,Anthony,Anthony,3,3,4.5,0,0.1,0,0,0,0,0,0
62,David,Brooks,Brooks,3,3,4.9,46,0.0,798,2,1,2,3,0
63,Ryan,Christie,Christie,3,3,4.9,76,0.1,2114,2,3,8,9,0
64,Lewis,Cook,Cook,3,3,5.0,78,0.2,2706,1,4,5,8,0
65,Enes,Ünal,Enes Ünal,3,4,5.4,32,0.1,330,2,1,2,2,0
66,Romain,Faivre,Faivre,3,3,5.0,0,0.0,0,0,0,0,0,0
67,Hamed,Traorè,H.Traorè,3,3,4.5,0,0.0,0,0,0,0,0,0
68,James,Hill,Hill,3,2,3.9,17,0.5,443,0,1,1,1,0
69,Daniel,Jebbison,Jebbison,3,4,4.5,10,1.1,65,0,0,0,1,0
70,Milos,Kerkez,Kerkez,3,2,5.3,121,18.6,2897,2,6,8,4,0
71,Justin,Kluivert,Kluivert,3,3,6.0,149,12.1,2024,12,6,11,7,0
72,Chris,Mepham,Mepham,3,2,4.4,0,0.0,0,0,0,0,0,0
74,Dango,Ouattara,O.Dango,3,3,4.7,108,1.6,1835,7,4,7,2,0
75,Alex,Paulsen,Paulsen,3,1,4.0,0,0.0,0,0,0,0,0,0
76,Philip,Billing,Philip,3,3,4.8,10,0.0,176,0,0,0,1,0
77,Alex,Scott,Scott,3,3,4.7,21,0.0,603,0,0,2,2,0
78,Antoine,Semenyo,Semenyo,3,3,5.7,132,7.3,2823,8,6,9,9,0
79,Marcos,Senesi,Senesi,3,2,4.6,23,0.3,1007,0,0,1,5,0
80,Luis,Sinisterra,Sinisterra,3,3,4.8,23,0.1,229,1,1,0,0,0
81,Adam,Smith,Smith,3,2,4.4,48,0.1,1316,0,0,5,5,0
83,Marcus,Tavernier,Tavernier,3,3,5.4,74,0.2,1554,3,6,3,5,0
84,Mark,Travers,Travers,3,1,4.4,19,0.1,450,0,0,1,0,0
85,Illia,Zabarnyi,Zabarnyi,3,2,4.4,77,0.5,2662,0,0,7,3,1
152,Kepa,Arrizabalaga,Arrizabalaga,3,1,4.6,91,3.4,2340,0,0,7,3,0
580,Dean,Huijsen,Huijsen,3,2,4.5,90,4.3,2050,2,1,7,7,0
592,Julián,Araujo Zúñiga,J.Araujo,3,2,4.3,9,0.1,358,0,0,0,1,0
599,Will,Dennis,Dennis,3,1,3.9,0,0.3,0,0,0,0,0,0
617,Francisco Evanilson,de Lima Barbosa,Evanilson,3,4,5.8,114,4.9,1900,9,4,10,0,0
680,Max,Kinsey,Kinsey,3,2,4.0,0,0.0,0,0,0,0,0,0
687,Ben,Winterburn,Winterburn,3,3,4.5,3,0.0,21,0,0,0,0,0
702,Archie,Harris,Harris,3,2,4.0,0,0.0,0,0,0,0,0,0
707,Remy,Rees-Dottin,Rees-Dottin,3,4,4.5,1,0.1,1,0,0,0,0,0
712,Matai,Akinmboni,Akinmboni,3,2,4.0,0,0.0,0,0,0,0,0,0
713,Julio,Soler,Soler,3,2,3.9,1,0.0,1,0,0,0,0,0
722,Daniel,Adu-Adjei,Adu-Adjei,3,4,4.5,0,0.0,0,0,0,0,0,0
723,Dominic,Sadi,Sadi,3,3,4.5,0,0.0,0,0,0,0,0,0
727,Callan,McKenna,McKenna,3,1,4.0,0,0.0,0,0,0,0,0,0
728,Zain,Silcott-Duberry,Silcott-Duberry,3,3,4.5,1,0.0,1,0,0,0,0,0
738,Andoni,Iraola,Iraola,3,5,1.1,49,0.5,0,0,0,0,0,0
86,Kristoffer,Ajer,Ajer,4,2,4.4,38,0.2,1387,0,0,3,4,0
87,Ethan,Brierley,Brierley,4,3,4.4,0,0.1,0,0,0,0,0,0
88,Nathan,Collins,Collins,4,2,4.5,104,2.8,2970,2,6,6,5,0
89,Mikkel,Damsgaard,Damsgaard,4,3,5.0,116,1.3,2495,2,9,9,2,0
90,Josh,Dasilva,Dasilva,4,3,4.8,0,0.0,0,0,0,0,0,0
91,Mark,Flekken,Flekken,4,1,4.4,110,8.7,2825,0,1,5,1,0
92,Rico,Henry,Henry,4,2,4.3,2,0.0,17,0,0,0,0,0
93,Aaron,Hickey,Hickey,4,2,4.3,0,0.0,0,0,0,0,0,0
94,Vitaly,Janelt,Janelt,4,3,4.8,73,0.2,2251,1,3,6,3,0
95,Mathias,Jensen,Jensen,4,3,5.3,33,0.1,759,0,2,2,2,0
96,Kim,Ji-soo,Ji-soo,4,2,3.9,3,0.3,28,0,0,0,0,0
97,Yunus Emre,Konak,Konak,4,3,4.4,8,0.1,46,0,0,0,0,0
98,Keane,Lewis-Potter,Lewis-Potter,4,3,5.0,86,0.1,2712,1,5,7,5,0
99,Bryan,Mbeumo,Mbeumo,4,3,8.0,210,35.4,2965,18,7,7,2,0
100,Ben,Mee,Mee,4,2,4.2,9,0.3,180,0,0,1,2,0
101,Christian,Nørgaard,Nørgaard,4,3,4.8,86,0.2,2370,5,2,4,5,1
102,Frank,Onyeka,Onyeka,4,3,4.9,2,0.0,23,0,0,0,0,0
103,Myles,Peart-Harris,Peart-Harris,4,3,4.5,0,0.0,0,0,0,0,0,0
104,Ethan,Pinnock,Pinnock,4,2,4.4,47,0.3,1912,2,0,2,2,0
105,Mads,Roerslev Rasmussen,Roerslev,4,2,4.3,36,0.1,1100,0,2,2,2,0
106,Kevin,Schade,Schade,4,3,5.1,112,0.7,1918,7,4,8,3,0
107,Igor Thiago,Nascimento Rodrigues,Thiago,4,4,5.9,5,0.0,129,0,0,0,0,0
108,Ivan,Toney,Toney,4,4,7.3,0,1.1,0,0,0,0,0,0
109,Hákon,Valdimarsson,Valdimarsson,4,1,3.9,2,3.3,144,0,0,0,0,0
110,Yoane,Wissa,Wissa,4,4,6.5,159,13.9,2471,15,5,7,2,0
111,Yehor,Yarmoliuk,Yarmoliuk,4,3,4.3,33,2.3,1024,0,0,1,4,0
112,Mathias,Jorgensen,Zanka,4,2,4.5,0,0.0,0,0,0,0,0,0
314,Fábio,Freitas Gouveia Carvalho,Carvalho,4,3,4.5,35,0.4,443,2,1,0,1,0
338,Sepp,van den Berg,Van den Berg,4,2,4.1,47,1.4,2134,0,1,3,2,0
602,Ryan,Trevitt,Trevitt,4,3,4.4,1,0.0,3,0,0,0,0,0
634,Gustavo,Nunes Fernandes Gomes,G.Nunes,4,3,4.9,2,0.0,2,0,0,0,0,0
649,Jayden,Meghoma,Meghoma,4,2,4.0,1,0.0,4,0,0,0,0,0
661,Tony,Yogane,Yogane,4,3,4.5,0,0.0,0,0,0,0,0,0
674,Paris,Maghoma,Maghoma,4,3,4.5,8,0.0,112,0,0,0,0,0
705,Benjamin,Arthur,Arthur,4,2,4.0,0,0.0,0,0,0,0,0,0
752,Thomas,Frank,Frank,4,5,0.8,71,0.9,0,0,0,0,0,0
757,Michael,Kayode,Kayode,4,2,4.5,7,0.0,123,0,0,0,1,0
759,Julian,Eyestone,Eyestone,4,1,4.0,0,0.0,0,0,0,0,0,0
780,Iwan,Morgan,Morgan,4,4,4.5,0,0.0,0,0,0,0,0,0
786,Benjamin,Fredrick,Benjamin Fredrick,4,2,4.0,0,0.0,0,0,0,0,0,0
113,Simon,Adingra,Adingra,5,3,5.1,48,0.3,812,2,2,1,0,0
114,Benicio,Baker-Boaitey,Baker-Boaitey,5,3,4.5,0,0.0,0,0,0,0,0,0
115,Carlos,Baleba,Baleba,5,3,5.0,68,0.1,2222,2,1,7,6,1
116,Valentín,Barco,Barco,5,2,4.0,0,2.0,0,0,0,0,0,0
118,Amario,Cozier-Duberry,Cozier-Duberry,5,3,4.5,0,0.0,0,0,0,0,0,0
119,Mahmoud,Dahoud,Dahoud,5,3,4.9,0,0.0,0,0,0,0,0,0
120,Lewis,Dunk,Dunk,5,2,4.2,41,2.4,1901,0,1,4,5,0
122,Pervis,Estupiñán,Estupiñan,5,2,4.9,52,1.5,2039,1,1,2,5,0
124,Billy,Gilmour,Gilmour,5,3,5.0,3,0.0,97,0,0,0,0,0
125,Pascal,Groß,Gross,5,3,6.5,0,0.0,0,0,0,0,0,0
126,Jack,Hinshelwood,Hinshelwood,5,3,4.9,60,0.1,1593,2,2,5,4,0
127,Ibrahim,Osman,I.Osman,5,3,5.0,0,0.0,0,0,0,0,0,0
128,Igor Julio,dos Santos de Paulo,Igor,5,2,4.3,17,0.1,900,0,0,1,4,0
129,João Pedro,Junqueira de Jesus,João Pedro,5,4,5.6,126,11.9,1946,10,6,6,4,1
130,Kacper,Kozłowski,Kozlowski,5,3,4.5,0,0.0,0,0,0,0,0,0
131,Tariq,Lamptey,Lamptey,5,2,4.4,40,0.2,762,2,2,2,0,0
132,Solly,March,March,5,3,6.5,5,0.0,100,0,0,0,2,0
133,Adrian,Mazilu,Mazilu,5,3,4.5,0,0.0,0,0,0,0,0,0
134,James,Milner,Milner,5,3,5.0,5,0.0,169,0,0,1,1,0
135,Yankuba,Minteh,Minteh,5,3,4.9,85,1.2,1461,5,5,3,6,0
136,Mitoma,Kaoru,Mitoma,5,3,6.4,128,7.3,2489,8,4,6,1,0
137,Jakub,Moder,Moder,5,3,4.4,4,0.4,9,0,0,0,0,0
138,Mark,O’Mahony,O’Mahony,5,4,4.5,0,0.2,0,0,0,0,0,0
139,Odeluga,Offiah,Offiah,5,2,4.0,0,0.1,0,0,0,0,0,0
140,Cameron,Peupion,Peupion,5,3,4.4,0,0.0,0,0,0,0,0,0
141,Jeremy,Sarmiento Morante,Sarmiento,5,3,4.9,1,0.0,8,0,0,0,0,0
142,Jason,Steele,Steele,5,1,4.0,9,0.7,180,0,0,1,0,0
143,Deniz,Undav,Undav,5,4,5.5,0,0.0,0,0,0,0,0,0
144,Jan Paul,van Hecke,Van Hecke,5,2,4.5,75,0.8,2600,1,1,6,6,1
145,Joël,Veltman,Veltman,5,2,4.3,58,1.1,1642,0,0,6,4,0
146,Bart,Verbruggen,Verbruggen,5,1,4.6,87,2.9,2790,0,1,6,5,0
147,Adam,Webster,Webster,5,2,4.3,26,0.1,615,0,0,3,0,0
148,Danny,Welbeck,Welbeck,5,4,5.5,108,6.7,1756,9,4,6,4,0
149,Mats,Wieffer,Wieffer,5,3,4.7,38,0.1,590,1,3,1,4,0
595,Brajan,Gruda,Gruda,5,3,5.4,23,0.0,489,0,1,1,0,0
600,Yasin,Ayari,Ayari,5,3,5.0,53,0.0,1639,0,1,6,3,0
601,Andrew,Moran,Moran,5,3,5.0,0,0.0,0,0,0,0,0,0
615,Carl,Rushworth,Rushworth,5,1,3.9,0,0.1,0,0,0,0,0,0
618,Georginio,Rutter,Georginio,5,3,5.0,95,0.3,1651,5,6,6,2,0
628,Ferdi,Kadioglu,F.Kadıoğlu,5,2,4.4,19,0.1,385,1,0,2,1,0
629,Matt,O'Riley,O'Riley,5,3,5.5,35,0.0,669,1,2,2,1,0
663,Imari,Samuels,Samuels,5,2,4.0,0,0.0,0,0,0,0,0,0
668,Killian,Cahill,Cahill,5,1,3.9,0,1.0,0,0,0,0,0,0
681,Ruairi,McConville,McConville,5,2,4.0,0,0.0,0,0,0,0,0,0
685,Jacob,Slater,Slater,5,2,4.0,0,0.0,0,0,0,0,0,0
714,Diego,Gómez,Gómez,5,3,5.5,15,0.0,426,0,0,0,0,0
739,Fabian,Hürzeler,Hürzeler,5,5,1.1,62,0.6,0,0,0,0,0,0
758,Joe,Knight,Knight,5,3,4.5,0,0.0,0,0,0,0,0,0
763,Eiran,Cashin,Cashin,5,2,4.5,1,0.0,19,0,0,0,0,0
791,Charlie,Tasker,Charlie Tasker,5,2,4.0,0,0.0,0,0,0,0,0,0
794,Freddie,Simmonds,Freddie Simmonds,5,2,4.0,0,0.0,0,0,0,0,0,0
795,Harry,Howell,Harry Howell,5,3,4.5,0,0.0,0,0,0,0,0,0
150,Andrey,Nascimento dos Santos,Andrey Santos,6,3,4.5,0,0.0,0,0,0,0,0,0
151,Ângelo Gabriel,Borges Damaceno,Ângelo,6,3,4.5,0,0.1,0,0,0,0,0,0
153,Benoît,Badiashile,B.Badiashile,6,2,4.2,7,0.1,332,0,0,0,0,0
154,Lucas,Bergström,Bergström,6,1,3.9,0,0.2,0,0,0,0,0,0
155,Marcus,Bettinelli,Bettinelli,6,1,3.9,0,0.4,0,0,0,0,0,0
157,Moisés,Caicedo Corozo,Caicedo,6,3,4.9,82,1.0,2901,1,3,9,10,0
158,Cesare,Casadei,Casadei,6,3,4.4,0,0.1,0,0,0,0,0,0
159,Trevoh,Chalobah,Chalobah,6,2,4.4,81,0.8,1715,3,1,5,2,0
161,Carney,Chukwuemeka,Chukwuemeka,6,3,4.7,0,0.0,0,0,0,0,0,0
162,Levi,Colwill,Colwill,6,2,4.4,80,2.8,2700,1,1,7,8,0
163,Marc,Cucurella Saseta,Cucurella,6,2,5.4,101,12.2,2538,4,2,6,8,1
164,David Datro,Fofana,D.D.Fofana,6,4,5.4,0,0.1,0,0,0,0,0,0
165,Deivid Washington,de Souza Eugênio,Deivid,6,4,4.9,0,0.1,0,0,0,0,0,0
166,Kiernan,Dewsbury-Hall,Dewsbury-Hall,6,3,5.5,16,0.1,252,0,1,0,0,0
168,Enzo,Fernández,Enzo,6,3,4.7,113,3.7,2496,5,7,7,7,0
169,Conor,Gallagher,Gallagher,6,3,5.9,0,0.1,0,0,0,0,0,0
170,Alfie,Gilchrist,Gilchrist,6,2,4.0,0,0.0,0,0,0,0,0,0
171,Malo,Gusto,Gusto,6,2,4.9,56,1.5,1813,0,1,4,4,0
172,Reece,James,James,6,2,4.8,35,1.1,807,1,1,1,1,0
173,Omari,Kellyman,Kellyman,6,3,4.3,0,0.1,0,0,0,0,0,0
174,Roméo,Lavia,Lavia,6,3,4.5,16,0.4,538,0,1,1,4,0
175,Romelu,Lukaku Bolingoli,Lukaku,6,4,6.3,0,0.2,0,0,0,0,0,0
176,Malang,Sarr,M.Sarr,6,2,4.5,0,0.0,0,0,0,0,0,0
177,Noni,Madueke,Madueke,6,3,6.0,108,3.2,1641,7,5,3,3,0
178,Marc,Guiu Paz,Marc Guiu,6,4,4.7,3,0.5,71,0,0,0,0,0
179,Mykhailo,Mudryk,Mudryk,6,3,6.1,7,0.2,145,0,0,0,0,0
180,Nicolas,Jackson,N.Jackson,6,4,7.7,113,6.7,2024,9,6,9,7,0
181,Christopher,Nkunku,Nkunku,6,3,5.7,60,2.1,904,3,2,2,2,0
182,Cole,Palmer,Palmer,6,3,10.6,194,37.1,2743,14,10,7,6,0
183,Đorđe,Petrović,Petrović,6,1,4.4,0,0.1,0,0,0,0,0,0
184,Renato,Palma Veiga,Renato Veiga,6,3,4.4,7,0.1,176,0,0,1,2,0
185,Robert,Sánchez,Sánchez,6,1,4.5,101,7.2,2430,0,0,7,5,0
187,Tosin,Adarabioyo,Tosin,6,2,4.2,57,0.4,1223,1,1,5,3,0
189,Wesley,Fofana,W.Fofana,6,2,4.3,26,0.3,1172,0,0,2,7,0
386,Jadon,Sancho,Sancho,6,3,6.2,81,1.0,1648,3,5,6,1,0
560,Pedro,Lomba Neto,Neto,6,3,6.1,85,1.4,1825,4,4,5,8,0
575,Caleb,Wiley,Wiley,6,2,4.0,0,0.0,0,0,0,0,0,0
581,Filip,Jørgensen,Jørgensen,6,1,4.2,18,0.5,540,0,0,1,0,0
621,João,Félix Sequeira,João Félix,6,3,5.9,24,0.4,362,1,2,1,2,0
695,Samuel,Rak-Sakyi,Rak-Sakyi,6,3,4.5,0,0.0,0,0,0,0,0,0
696,Tyrique,George,George,6,3,4.5,13,0.0,96,1,1,0,1,0
697,Josh,Acheampong,Acheampong,6,2,4.0,4,0.1,168,0,0,0,1,0
740,Enzo,Maresca,Maresca,6,5,1.5,58,0.7,0,0,0,0,0,0
771,Mathis,Amougou,Amougou,6,3,4.5,1,0.0,7,0,0,0,0,0
774,Aaron,Anselmino,Anselmino,6,2,4.0,0,0.0,0,0,0,0,0,0
781,Shumaira,Mheuka,Mheuka,6,4,4.5,1,0.0,1,0,0,0,0,0
782,Ishé,Samuels-Smith,Samuels-Smith,6,2,4.0,0,0.0,0,0,0,0,0,0
787,Genesis,Antwi,Genesis Antwi,6,2,4.0,0,0.0,0,0,0,0,0,0
11,Eddie,Nketiah,Nketiah,7,4,5.9,38,0.6,866,1,2,2,3,1
160,Ben,Chilwell,Chilwell,7,2,4.6,5,0.5,135,0,0,0,1,0
190,Naouirou,Ahamada,Ahamada,7,3,4.5,0,0.1,0,0,0,0,0,0
193,Cheick,Doucouré,C.Doucouré,7,3,4.8,19,0.0,443,0,1,1,1,0
194,Chris,Richards,C.Richards,7,2,4.4,57,0.2,1561,1,1,6,2,1
195,Chadi,Riad Dnanou,Chadi Riad,7,2,4.3,1,0.0,90,0,0,0,0,0
196,Nathaniel,Clyne,Clyne,7,2,4.3,18,0.1,477,0,0,1,1,0
197,Malcolm,Ebiowei,Ebiowei,7,3,4.5,0,0.0,0,0,0,0,0,0
199,Eberechi,Eze,Eze,7,3,6.9,113,12.6,2338,4,8,8,1,0
200,Marc,Guéhi,Guéhi,7,2,4.7,107,6.5,2879,3,2,10,7,1
201,Dean,Henderson,Henderson,7,1,4.6,123,12.5,3060,0,0,10,3,0
202,Rob,Holding,Holding,7,2,4.2,0,0.1,0,0,0,0,0,0
203,Will,Hughes,Hughes,7,3,4.9,59,0.0,1862,0,4,8,11,0
205,Daichi,Kamada,Kamada,7,3,5.1,40,0.1,1321,0,0,3,3,1
206,Jefferson,Lerma Solís,Lerma,7,3,4.8,51,0.1,2027,0,1,5,8,0
207,Jean-Philippe,Mateta,Mateta,7,4,7.8,144,15.3,2438,14,2,8,2,0
208,Matheus,França de Oliveira,M.França,7,3,4.4,7,0.2,24,1,0,0,0,0
209,Remi,Matthews,Matthews,7,1,3.9,0,0.5,0,0,0,0,0,0
210,Tyrick,Mitchell,Mitchell,7,2,4.8,107,2.2,2850,0,4,11,2,0
211,Daniel,Muñoz,Muñoz,7,2,5.3,127,20.1,2869,4,5,10,9,0
212,David,Ozoh,Ozoh,7,3,4.5,0,0.0,0,0,0,0,0,0
213,Jesurun,Rak-Sakyi,Rak-Sakyi,7,3,4.5,0,0.0,0,0,0,0,0,0
214,Jeffrey,Schlupp,Schlupp,7,3,4.6,12,0.0,95,0,0,0,0,0
215,Joel,Ward,Ward,7,2,4.3,1,0.1,1,0,0,0,0,0
216,Adam,Wharton,Wharton,7,3,4.7,39,0.2,1254,0,2,3,2,0
445,Matt,Turner,Turner,7,1,3.9,0,7.7,0,0,0,0,0,0
585,Ismaïla,Sarr,I.Sarr,7,3,5.8,127,8.5,2389,7,5,9,4,0
644,Franco,Umeh-Chibueze,Umeh-Chibueze,7,3,4.4,0,0.0,0,0,0,0,0,0
645,Justin,Devenny,Devenny,7,3,4.5,28,0.1,418,1,0,0,1,0
646,Asher,Agbinone,Agbinone,7,3,4.5,2,0.0,4,0,0,0,0,0
647,Kaden,Rodney,Rodney,7,3,4.5,0,0.0,0,0,0,0,0,0
650,Maxence,Lacroix,Lacroix,7,2,4.5,103,1.0,2756,1,2,10,5,0
666,Caleb,Kporha,Kporha,7,2,4.0,2,0.0,11,0,0,0,0,0
676,Zach,Marsh,Marsh,7,4,4.5,0,0.3,0,0,0,0,0,0
730,Romain,Esse,Esse,7,3,4.7,11,0.1,32,1,0,0,0,0
741,Oliver,Glasner,Glasner,7,5,0.8,90,11.5,0,0,0,0,0,0
156,Armando,Broja,Broja,8,4,5.3,12,0.1,327,0,0,2,1,0
217,Abdoulaye,Doucouré,A.Doucoure,8,3,5.1,83,0.4,2335,3,1,10,3,1
218,Norberto Bercique,Gomes Betuncal,Beto,8,4,4.8,67,3.3,1115,6,0,2,2,0
219,Jarrad,Branthwaite,Branthwaite,8,2,4.8,77,1.5,2166,0,1,8,4,0
220,Dominic,Calvert-Lewin,Calvert-Lewin,8,4,5.4,59,1.0,1571,3,2,8,2,0
221,Séamus,Coleman,Coleman,8,2,4.3,3,0.0,196,0,0,0,1,0
222,Idrissa,Gueye,Gana,8,3,4.8,78,0.2,2614,0,3,10,8,0
223,James,Garner,Garner,8,3,4.9,32,0.0,1140,0,1,3,3,0
224,Jack,Harrison,Harrison,8,3,5.2,72,0.2,1819,1,3,6,0,0
225,Mason,Holgate,Holgate,8,2,4.0,1,0.1,5,0,0,0,0,0
226,Tim,Iroegbunam,Iroegbunam,8,3,4.3,20,0.7,555,0,1,0,4,0
227,João,Neves Virgínia,J.Virginia,8,1,3.9,0,0.5,0,0,0,0,0,0
228,Michael,Keane,Keane,8,2,3.8,32,4.2,850,2,0,2,5,0
229,Neal,Maupay,Maupay,8,4,4.9,0,0.2,0,0,0,0,0,0
230,Dwight,McNeil,McNeil,8,3,5.1,71,1.1,1155,3,6,4,1,0
231,Vitalii,Mykolenko,Mykolenko,8,2,4.3,94,5.1,2632,0,2,9,2,0
232,Iliman,Ndiaye,Ndiaye,8,4,5.2,95,0.8,2113,7,0,13,3,0
234,Nathan,Patterson,Patterson,8,2,4.4,9,0.0,198,0,0,0,0,0
235,Jordan,Pickford,Pickford,8,1,5.1,132,14.7,2970,0,1,10,7,0
236,James,Tarkowski,Tarkowski,8,2,4.9,105,2.8,2922,1,1,10,6,0
237,Youssef,Ramalho Chermiti,Y. Chermiti,8,4,4.9,1,0.0,15,0,0,0,1,0
238,Ashley,Young,Young,8,2,4.3,82,1.5,1578,1,4,7,6,1
450,Carlos,Alcaraz Durán,Alcaraz,8,3,4.7,23,0.1,449,1,1,0,3,0
577,Jesper,Lindstrøm,Lindstrøm,8,3,5.0,44,0.1,1229,0,1,6,2,0
582,Jake,O'Brien,O'Brien,8,2,4.5,50,0.4,1208,2,0,3,4,0
603,Harrison,Armstrong,Armstrong,8,3,4.4,2,0.1,47,0,0,0,1,0
614,Jenson,Metcalfe,Metcalfe,8,3,4.5,0,0.0,0,0,0,0,0,0
624,Asmir,Begovic,Begovic,8,1,4.0,0,0.2,0,0,0,0,0,0
627,Roman,Dixon,Dixon,8,2,4.0,0,0.1,90,0,0,0,0,0
651,Orel,Mangala,Mangala,8,3,5.0,39,0.0,1257,1,0,5,2,0
678,Callum,Bates,Bates,8,3,4.5,0,0.0,0,0,0,0,0,0
724,Martin,Sherif,Sherif,8,4,4.5,0,0.1,0,0,0,0,0,0
742,David,Moyes,Moyes,8,5,0.5,94,3.5,0,0,0,0,0,0
773,Isaac,Heath,Heath,8,3,4.5,0,0.0,0,0,0,0,0,0
775,Coby,Ebere,Coby Ebere,8,3,4.5,0,0.0,0,0,0,0,0,0
10,Reiss,Nelson,Nelson,9,3,5.0,27,0.0,483,1,1,1,1,0
19,Emile,Smith Rowe,Smith Rowe,9,3,5.1,98,7.5,1823,5,2,7,2,0
191,Joachim,Andersen,Andersen,9,2,4.2,45,3.5,2223,0,0,4,6,1
239,Adama,Traoré,Adama,9,3,4.5,78,1.4,1509,2,5,3,2,0
240,Andreas,Hoelgebaum Pereira,Andreas,9,3,4.9,76,0.9,1826,2,6,5,8,0
241,Calvin,Bassey,Bassey,9,2,4.5,70,0.6,2714,1,0,5,6,0
242,Steven,Benda,Benda,9,1,3.9,0,0.4,0,0,0,0,0,0
243,Tom,Cairney,Cairney,9,3,4.8,23,0.0,473,1,0,1,3,1
244,Timothy,Castagne,Castagne,9,2,4.2,45,1.1,1619,0,1,3,1,0
245,Issa,Diop,Diop,9,2,4.3,31,0.2,1334,0,0,1,2,0
246,Luke,Harris,Harris,9,3,4.5,0,0.0,0,0,0,0,0,0
247,Alex,Iwobi,Iwobi,9,3,5.5,144,6.9,2637,9,5,6,1,0
248,Bernd,Leno,Leno,9,1,5.0,101,4.8,2970,0,2,5,4,0
249,Saša,Lukić,Lukić,9,3,4.8,49,0.0,2038,0,2,4,12,0
250,Kevin,Mbabu,Mbabu,9,2,4.0,0,0.1,0,0,0,0,0,0
251,Rodrigo,Muniz Carvalho,Muniz,9,4,5.5,86,1.7,943,8,1,2,1,0
252,Raúl,Jiménez,Raúl,9,4,5.3,124,5.9,2036,10,3,7,3,0
253,Tim,Ream,Ream,9,2,4.5,0,0.0,0,0,0,0,0,0
254,Harrison,Reed,Reed,9,3,4.7,9,0.0,85,0,0,0,2,0
255,Antonee,Robinson,Robinson,9,2,4.8,102,19.5,2898,0,10,5,8,0
256,Jay,Stansfield,Stansfield,9,4,5.0,1,0.0,1,0,0,0,0,0
257,Kenny,Tete,Tete,9,2,4.4,44,0.2,1347,0,2,3,3,0
258,Carlos Vinícius,Alves Morais,Vinicius,9,4,5.0,2,0.3,9,0,0,0,0,0
259,Harry,Wilson,Wilson,9,3,5.2,64,0.2,840,5,2,2,2,0
579,Ryan,Sessegnon,Sessegnon,9,2,4.1,43,2.8,320,3,2,1,0,0
586,Jorge,Cuenca Barreno,J.Cuenca,9,2,4.4,7,0.0,258,0,0,0,0,0
604,Josh,King,King,9,3,4.4,7,0.1,78,0,0,1,0,0
605,Martial,Godo,Godo,9,3,4.4,1,0.0,14,0,0,0,0,0
622,Sander,Berge,Berge,9,3,5.0,48,0.0,1971,0,0,4,4,0
690,Samuel,Amissah,Amissah,9,2,4.0,0,0.0,0,0,0,0,0,0
753,Marco Alexandre,Saraiva da Silva,Silva,9,5,1.1,76,2.1,0,0,0,0,0,0
772,Willian,Borges da Silva,Willian,9,3,5.0,9,0.0,156,0,0,1,0,0
121,Julio,Enciso,Enciso,10,3,5.4,44,0.1,835,1,3,2,3,0
260,Ali,Al-Hamadi,Al-Hamadi,10,4,4.7,8,0.2,125,0,0,0,3,0
261,Elkan,Baggott,Baggott,10,2,4.0,0,0.0,0,0,0,0,0,0
262,Nathan,Broadhead,Broadhead,10,3,4.9,28,0.0,594,1,0,2,1,0
263,Cameron,Burgess,Burgess,10,2,3.8,19,2.0,1270,0,1,0,0,0
264,Wes,Burns,Burns,10,3,4.7,30,0.0,922,0,1,1,1,0
265,Conor,Chaplin,Chaplin,10,3,5.1,35,0.1,615,1,2,1,1,0
266,Harry,Clarke,H.Clarke,10,2,4.0,1,0.0,377,0,0,0,1,1
267,Leif,Davis,Davis,10,2,4.2,50,1.0,2562,1,2,2,5,1
268,Liam,Delap,Delap,10,4,5.6,127,3.2,2350,12,2,3,9,0
269,George,Edmundson,Edmundson,10,2,4.0,1,0.1,1,0,0,0,0,0
270,Jacob,Greaves,Greaves,10,2,3.8,32,2.6,1755,1,0,2,4,0
271,Marcus,Myers-Harness,Harness,10,3,4.9,2,0.0,43,0,0,0,0,0
272,George,Hirst,Hirst,10,4,5.4,36,0.0,436,2,1,0,1,0
273,Cameron,Humphreys,Humphreys,10,3,4.5,0,0.0,0,0,0,0,0,0
274,Omari,Giraud-Hutchinson,Hutchinson,10,3,5.2,77,0.2,2225,3,2,3,5,0
275,Ben,Johnson,Johnson,10,2,3.8,32,2.1,1305,1,2,0,3,0
276,Freddie,Ladapo,Ladapo,10,4,4.5,0,0.4,0,0,0,0,0,0
277,Massimo,Luongo,Luongo,10,3,4.3,10,0.2,187,0,0,0,0,0
278,Sam,Morsy,Morsy,10,3,4.8,58,0.1,2328,1,1,2,9,0
279,Corrie,Ndaba,Ndaba,10,2,4.0,0,0.0,0,0,0,0,0,0
280,Cieran,Slicker,Slicker,10,1,3.9,0,0.6,0,0,0,0,0,0
281,Jack,Taylor,Taylor,10,3,4.8,31,0.0,580,1,0,0,3,0
282,Axel,Tuanzebe,Tuanzebe,10,2,3.9,22,1.2,1445,0,1,1,3,1
283,Christian,Walton,Walton,10,1,4.3,14,0.2,540,0,0,1,0,0
284,Luke,Woolfenden,Woolfenden,10,2,3.9,16,1.2,1007,0,0,1,2,0
359,Kalvin,Phillips,Phillips,10,3,4.8,26,0.1,1209,0,0,1,4,1
568,Arijanet,Muric,Muric,10,1,4.4,49,0.5,1620,0,0,1,1,0
569,Jaden,Philogene,Jaden,10,3,5.3,37,0.1,796,2,0,2,3,1
583,Conor,Townsend,Townsend,10,2,3.9,11,0.6,334,0,1,0,1,0
611,Sam,Szmodics,Szmodics,10,3,5.7,53,0.2,976,4,0,2,2,0
619,Jens,Cajuste,Cajuste,10,3,4.5,54,0.1,1776,1,0,1,2,0
630,Dara,O'Shea,O'Shea,10,2,3.9,43,1.2,2672,0,2,2,6,0
631,Jack,Clarke,J.Clarke,10,3,5.4,47,0.0,977,0,4,1,2,0
632,Chiedozie,Ogbene,Ogbene,10,3,4.8,7,0.0,237,0,0,0,0,0
715,Ben,Godfrey,Godfrey,10,2,4.0,-1,0.0,108,0,0,0,1,0
743,Kieran,McKenna,McKenna,10,5,0.5,45,0.1,0,0,0,0,0,0
764,Alex,Palmer,Palmer,10,1,4.5,16,0.1,810,0,0,0,2,0
799,Somto,Boniface,Boniface,10,2,4.0,0,0.0,0,0,0,0,0,0
117,Facundo,Buonanotte,Buonanotte,11,3,4.5,66,0.4,1416,4,2,2,7,0
192,Jordan,Ayew,J.Ayew,11,3,5.1,59,0.2,1322,4,0,2,6,0
198,Odsonne,Edouard,Edouard,11,4,5.1,7,0.2,141,0,0,0,0,0
285,Boubakary,Soumaré,B.Soumaré,11,3,4.4,40,0.3,1904,0,0,0,8,0
286,Tom,Cannon,Cannon,11,4,4.5,0,0.3,0,0,0,0,0,0
287,Hamza,Choudhury,Choudhury,11,3,4.4,4,1.1,129,0,0,0,0,0
288,Conor,Coady,Coady,11,2,4.0,16,0.3,1262,0,0,0,2,0
289,Patson,Daka,Daka,11,4,4.8,30,0.6,631,1,0,0,0,0
290,Bobby,De Cordova-Reid,De Cordova-Reid,11,3,5.2,47,0.1,689,1,4,1,2,0
291,Wout,Faes,Faes,11,2,3.8,39,5.0,2362,1,0,1,3,0
292,Michael,Golding,Golding,11,3,4.4,0,0.2,0,0,0,0,0,0
293,Mads,Hermansen,Hermansen,11,1,4.4,62,0.4,2295,0,0,1,1,0
294,Daniel,Iversen,Iversen,11,1,3.9,0,0.8,0,0,0,0,0,0
295,James,Justin,Justin,11,2,4.1,50,1.1,2534,2,1,1,5,0
296,Victor,Kristiansen,Kristiansen,11,2,4.4,32,0.1,2380,0,1,1,1,0
297,Wanya,Marçal-Madivádua,Marcal,11,3,4.5,0,0.0,0,0,0,0,0,0
298,Stephy,Mavididi,Mavididi,11,3,5.0,72,0.3,1606,4,1,1,2,0
299,Kasey,McAteer,McAteer,11,3,4.7,21,0.0,478,0,1,1,1,0
300,Wilfred,Ndidi,Ndidi,11,3,4.9,52,0.2,1968,0,4,1,7,0
301,Caleb,Okoli,Okoli,11,2,4.0,26,0.5,1121,1,0,1,4,0
302,Ricardo,Barbosa Pereira,Ricardo,11,2,4.1,8,0.1,293,0,0,0,1,0
303,Harry,Souttar,Souttar,11,2,4.0,0,0.0,0,0,0,0,0,0
304,Jakub,Stolarczyk,Stolarczyk,11,1,4.0,10,0.4,540,0,0,0,1,0
305,Luke,Thomas,Thomas,11,2,3.9,9,1.5,692,0,0,0,1,0
306,Jamie,Vardy,Vardy,11,4,5.3,106,4.5,2482,7,4,2,5,0
307,Jannik,Vestergaard,Vestergaard,11,2,3.9,11,1.6,1390,0,0,0,5,0
308,Danny,Ward,Ward,11,1,3.9,2,2.1,135,0,0,0,0,0
309,Harry,Winks,Winks,11,3,4.3,40,4.9,1536,0,2,0,4,0
501,Oliver,Skipp,Skipp,11,3,4.7,20,0.0,851,0,0,1,6,0
570,Abdul,Fatawu,A.Fatawu,11,3,5.1,26,0.2,576,0,2,0,0,0
606,Will,Alves,Alves,11,3,4.4,1,0.1,1,0,0,0,0,0
616,Ben,Nelson,Nelson,11,2,4.0,0,0.0,0,0,0,0,0,0
635,Bilal,El Khannouss,El Khannouss,11,3,4.8,67,0.1,1834,2,2,1,4,0
694,Henry,Cartwright,Cartwright,11,3,4.5,0,0.0,0,0,0,0,0,0
708,Thomas,Wilson-Brown,Wilson-Brown,11,2,4.0,0,0.0,0,0,0,0,0,0
726,Woyo,Coulibaly,Coulibaly,11,2,4.0,1,0.0,107,0,0,0,1,0
754,Ruud,van Nistelrooij,Van Nistelrooy,11,5,0.5,18,0.1,0,0,0,0,0,0
792,Jeremy,Monga,Monga,11,3,4.5,2,0.0,21,0,0,0,0,0
796,Olabade,Aluko,Olabade Aluko,11,2,4.0,0,0.0,0,0,0,0,0,0
797,Jake,Evans,Jake Evans,11,3,4.5,1,0.0,1,0,0,0,0,0
310,Alisson,Ramses Becker,A.Becker,12,1,5.5,99,8.8,2058,0,0,10,0,0
311,Trent,Alexander-Arnold,Alexander-Arnold,12,2,7.2,141,17.8,2163,3,6,12,5,0
312,Stefan,Bajčetić Maquieira,Bajcetic,12,3,4.5,0,0.0,0,0,0,0,0,0
313,Conor,Bradley,Bradley,12,2,4.7,34,0.9,524,0,1,3,3,0
315,Bobby,Clark,Clark,12,3,4.5,0,0.0,0,0,0,0,0,0
316,Darwin,Núñez Ribeiro,Darwin,12,4,7.0,61,2.0,995,5,3,2,8,0
317,Diogo,Teixeira da Silva,Diogo J.,12,3,7.2,83,2.8,1064,6,4,7,2,0
318,Ben,Doak,Doak,12,3,4.5,0,0.0,0,0,0,0,0,0
319,Harvey,Elliott,Elliott,12,3,5.2,16,0.2,175,0,1,0,0,0
320,Endo,Wataru,Endo,12,3,4.6,16,0.1,143,0,0,0,0,0
321,Cody,Gakpo,Gakpo,12,4,7.2,100,5.1,1547,8,4,5,4,0
322,Joe,Gomez,Gomez,12,2,4.7,14,0.4,517,0,0,1,1,0
323,Ryan,Gravenberch,Gravenberch,12,3,5.0,84,0.7,2831,0,3,14,5,0
324,Curtis,Jones,Jones,12,3,5.3,79,0.3,1407,3,5,6,1,1
325,Caoimhin,Kelleher,Kelleher,12,1,4.0,45,1.3,900,0,0,4,0,0
326,Ibrahima,Konaté,Konaté,12,2,5.3,100,7.7,2230,1,2,11,5,0
327,Luis,Díaz,Luis Díaz,12,3,7.5,165,19.3,2145,11,7,15,2,0
328,Mohamed,Salah,M.Salah,12,3,13.8,320,71.3,2924,27,18,15,1,0
329,Alexis,Mac Allister,Mac Allister,12,3,6.2,107,1.8,2470,4,5,14,6,0
330,James,McConnell,McConnell,12,3,4.3,0,0.1,0,0,0,0,0,0
331,Tyler,Morton,Morton,12,3,4.4,0,0.1,0,0,0,0,0,0
332,Nathaniel,Phillips,N.Phillips,12,2,4.0,0,0.1,0,0,0,0,0,0
333,Jarell,Quansah,Quansah,12,2,3.9,10,1.1,308,0,0,0,1,0
334,Rhys,Williams,R.Williams,12,2,4.0,0,0.0,0,0,0,0,0,0
335,Andrew,Robertson,Robertson,12,2,5.8,83,4.2,2215,0,0,10,3,1
336,Dominik,Szoboszlai,Szoboszlai,12,3,6.2,119,2.9,2184,5,7,12,6,0
337,Konstantinos,Tsimikas,Tsimikas,12,2,4.6,41,0.2,658,0,1,4,2,0
339,Virgil,van Dijk,Virgil,12,2,6.6,133,26.5,2970,2,1,14,3,0
636,Federico,Chiesa,Chiesa,12,3,6.8,4,0.2,33,0,0,0,0,0
660,Vítezslav,Jaros,Jaros,12,1,4.0,1,0.1,11,0,0,0,0,0
669,Harvey,Davies,Davies,12,1,4.0,0,0.0,0,0,0,0,0,0
688,Treymaurice,Nyoni,Nyoni,12,3,4.5,0,0.0,0,0,0,0,0,0
692,Amara,Nallo,Nallo,12,2,4.0,0,0.0,0,0,0,0,0,0
709,Jayden,Danns,Danns,12,4,4.5,1,0.0,10,0,0,0,0,0
744,Arne,Slot,Slot,12,5,1.5,95,11.8,0,0,0,0,0,0
340,Manuel,Akanji,Akanji,13,2,5.3,46,2.2,1710,0,0,4,3,0
341,Nathan,Aké,Aké,13,2,5.3,25,0.8,677,0,0,3,0,0
342,Bernardo,Veiga de Carvalho e Silva,Bernardo,13,3,6.1,90,2.5,2307,3,4,6,7,0
343,Oscar,Bobb,Bobb,13,3,4.7,2,0.1,13,0,0,0,0,0
344,Scott,Carson,Carson,13,1,3.9,0,0.2,0,0,0,0,0,0
345,Kevin,De Bruyne,De Bruyne,13,3,9.4,96,7.0,1448,3,9,7,2,0
346,Jérémy,Doku,Doku,13,3,6.2,77,1.5,1297,3,5,6,1,0
347,Ederson,Santana de Moraes,Ederson M.,13,1,5.3,91,5.0,1960,0,4,7,3,0
348,Phil,Foden,Foden,13,3,9.1,100,4.8,1682,7,3,5,2,0
349,Jack,Grealish,Grealish,13,3,6.4,37,0.2,709,1,1,2,3,0
350,Joško,Gvardiol,Gvardiol,13,2,6.3,129,29.4,2918,5,0,10,2,0
351,Erling,Haaland,Haaland,13,4,14.8,171,22.2,2480,21,3,7,2,0
352,Julián,Álvarez,J.Alvarez,13,4,7.0,0,0.1,0,0,0,0,0,0
353,João,Cavaco Cancelo,João Cancelo,13,2,5.3,0,0.2,0,0,0,0,0,0
354,Mateo,Kovačić,Kovačić,13,3,5.4,101,1.3,1955,6,2,8,5,0
355,Rico,Lewis,Lewis,13,2,4.3,59,3.8,1806,1,2,4,3,1
356,Matheus Luiz,Nunes,Matheus N.,13,3,4.9,67,0.1,1400,1,5,7,4,0
357,James,McAtee,McAtee,13,3,4.6,29,0.1,289,3,0,0,1,0
358,Stefan,Ortega Moreno,Ortega Moreno,13,1,5.2,35,0.8,1099,0,0,3,1,0
360,Rodrigo 'Rodri',Hernandez,Rodrigo,13,3,6.2,2,0.8,65,0,0,0,0,0
361,Rúben,Gato Alves Dias,Rúben,13,2,5.4,65,3.3,1909,0,0,8,4,0
362,John,Stones,Stones,13,2,5.3,29,1.0,544,2,0,1,1,0
363,Kyle,Walker,Walker,13,2,5.1,13,2.6,966,0,0,0,3,0
571,Sávio 'Savinho',Moreira de Oliveira,Savinho,13,3,6.2,104,2.8,1730,1,11,8,3,0
607,Nico,O'Reilly,O’Reilly,13,3,4.9,29,0.2,454,2,0,3,0,0
625,Ilkay,Gündogan,Gündogan,13,3,6.3,74,0.5,1961,0,5,7,1,0
626,Issa,Kaboré,Kaboré,13,2,4.5,0,0.0,0,0,0,0,0,0
671,Jacob,Wright,Wright,13,3,4.5,0,0.0,0,0,0,0,0,0
672,Jahmai,Simpson-Pusey,Simpson-Pusey,13,2,4.0,1,0.0,95,0,0,0,1,0
675,Josh,Wilson-Esbrand,Wilson-Esbrand,13,2,4.0,0,0.0,0,0,0,0,0,0
698,Divin,Mubama,Mubama,13,4,4.5,1,0.1,27,0,0,0,0,0
703,Max,Alleyne,Alleyne,13,2,4.0,0,0.0,0,0,0,0,0,0
704,Spike,Brits,Brits,13,1,4.0,0,0.0,0,0,0,0,0,0
732,Abdukodir,Khusanov,Khusanov,13,2,5.0,14,0.5,503,0,0,2,1,0
733,Vitor,de Oliveira Nunes dos Reis,Vitor Reis,13,2,4.5,1,0.0,1,0,0,0,0,0
736,Pep,Guardiola,Guardiola,13,5,1.5,80,9.7,0,0,0,0,0,0
755,Omar,Marmoush,Marmoush,13,4,7.7,60,27.9,915,6,1,5,0,0
765,Nico,González,N.Gonzalez,13,3,6.0,21,0.0,648,0,1,5,3,0
785,Claudio,Echeverri,Echeverri,13,3,5.9,0,0.0,0,0,0,0,0,0
364,Amad,Diallo,Amad,14,3,5.3,107,3.9,1591,6,7,6,3,0
365,Antony Matheus,dos Santos,Antony,14,3,5.7,8,0.2,135,0,0,0,0,0
366,Bruno,Borges Fernandes,B.Fernandes,14,3,8.5,160,17.0,2667,8,11,9,2,2
367,Altay,Bayindir,Bayindir,14,1,4.3,0,0.1,90,0,0,0,0,0
368,Carlos Henrique,Casimiro,Casemiro,14,3,4.6,42,0.4,1266,1,0,4,3,0
369,Diogo,Dalot Teixeira,Dalot,14,2,5.0,94,5.6,2787,0,4,8,5,0
370,Christian,Eriksen,Eriksen,14,3,5.2,33,0.2,987,0,1,4,4,0
371,Jonny,Evans,Evans,14,2,4.4,14,0.1,288,0,0,1,1,0
372,Alejandro,Garnacho,Garnacho,14,3,5.9,90,4.7,1957,5,3,5,2,0
373,Hannibal,Mejbri,Hannibal,14,3,4.5,0,0.0,0,0,0,0,0,0
374,Tom,Heaton,Heaton,14,1,3.9,0,0.2,0,0,0,0,0,0
375,Rasmus,Højlund,Højlund,14,4,6.9,63,1.0,1648,3,1,5,2,0
376,Victor,Lindelöf,Lindelof,14,2,4.3,16,0.1,439,0,0,1,1,0
377,Harry,Maguire,Maguire,14,2,4.9,37,0.7,1413,1,0,2,7,0
378,Kobbie,Mainoo,Mainoo,14,3,5.2,34,1.7,1348,0,0,5,5,0
379,Tyrell,Malacia,Malacia,14,2,4.4,2,0.0,99,0,0,0,1,0
380,Lisandro,Martínez,Martinez,14,2,4.3,68,2.3,1751,2,1,6,7,0
381,Scott,McTominay,McTominay,14,3,4.9,2,0.1,17,0,0,0,0,0
382,Mason,Mount,Mount,14,3,6.3,11,0.1,340,0,0,1,3,0
383,André,Onana,Onana,14,1,4.9,116,5.3,2880,0,0,9,0,0
384,Facundo,Pellistri Rebollo,Pellistri,14,3,5.0,0,0.0,0,0,0,0,0,0
387,Luke,Shaw,Shaw,14,2,4.9,3,0.2,80,0,0,0,0,0
389,Joshua,Zirkzee,Zirkzee,14,4,6.5,64,1.6,1385,3,2,3,2,0
572,Leny,Yoro,Yoro,14,2,4.3,19,0.2,974,0,0,1,5,0
593,Matthijs,de Ligt,De Ligt,14,2,4.8,68,3.0,2085,2,0,4,3,0
594,Noussair,Mazraoui,Mazraoui,14,2,4.2,83,7.8,2563,0,1,7,2,0
613,Toby,Collyer,Collyer,14,3,4.5,6,0.0,174,0,0,0,0,0
648,Ethan,Wheatley,Wheatley,14,4,4.5,0,1.0,0,0,0,0,0,0
652,Manuel,Ugarte,Ugarte,14,3,4.9,40,0.1,1584,1,0,4,9,0
658,Ayden,Heaven,Heaven,14,2,4.0,2,0.1,95,0,0,0,0,0
667,Jack,Fletcher,Fletcher,14,3,4.5,0,0.0,0,0,0,0,0,0
670,Harry,Amass,Amass,14,2,4.0,3,0.1,165,0,0,0,0,0
673,Jayce,Fitzgerald,Fitzgerald,14,3,4.5,0,0.0,0,0,0,0,0,0
691,Godwill,Kukonki,Kukonki,14,2,4.0,0,0.0,0,0,0,0,0,0
745,Ruben Filipe,Marques Diogo Amorim,Amorim,14,5,0.8,54,1.4,0,0,0,0,0,0
761,Elyh,Harrison,Harrison,14,1,4.0,0,0.0,0,0,0,0,0,0
766,Patrick,Dorgu,Dorgu,14,2,4.5,7,0.2,495,0,0,1,2,1
776,Chido,Obi-Martin,Obi,14,4,4.5,3,0.2,46,0,0,0,1,0
777,Tyler,Fredricson,Fredricson,14,2,4.0,2,0.0,90,0,0,0,0,0
778,Jack,Moorhouse,Moorhouse,14,3,4.5,0,0.0,0,0,0,0,0,0
779,Sékou,Koné,Koné,14,3,4.5,0,0.0,0,0,0,0,0,0
783,Hubert,Graczyk,Graczyk,14,1,4.0,0,0.0,0,0,0,0,0,0
788,Dermot,Mee,Dermot Mee,14,1,4.0,0,0.0,0,0,0,0,0,0
390,Alex,Murphy,A.Murphy,15,2,4.0,0,0.5,0,0,0,0,0,0
391,Miguel,Almirón Rejala,Almirón,15,3,5.4,10,0.3,150,0,0,0,0,0
392,Harvey,Barnes,Barnes,15,3,6.0,118,6.1,1328,9,5,4,0,0
393,Sven,Botman,Botman,15,2,4.4,7,0.0,225,0,0,1,1,0
394,Bruno,Guimarães Rodriguez Moura,Bruno G.,15,3,6.2,119,3.3,2823,4,6,11,6,0
395,Dan,Burn,Burn,15,2,4.5,86,10.9,2880,0,0,11,9,0
396,Martin,Dúbravka,Dúbravka,15,1,4.1,44,1.5,900,0,0,5,0,0
398,Anthony,Gordon,Gordon,15,3,7.4,116,8.0,2172,6,6,9,2,0
399,Lewis,Hall,Hall,15,2,4.7,102,4.9,2188,0,7,8,3,0
400,Isaac,Hayden,Hayden,15,3,4.4,0,0.1,0,0,0,0,0,0
401,Alexander,Isak,Isak,15,4,9.6,192,61.7,2412,21,6,10,1,0
402,Jacob,Murphy,J.Murphy,15,3,5.2,143,17.5,2014,8,11,9,3,0
403,Joelinton Cássio,Apolinário de Lira,Joelinton,15,3,6.0,99,1.2,2394,4,4,10,10,0
404,Lloyd,Kelly,Kelly,15,2,4.2,12,0.1,299,0,1,0,2,0
405,Emil,Krafth,Krafth,15,2,4.3,16,0.1,282,0,0,1,0,0
406,Garang,Kuol,Kuol,15,3,4.4,0,0.1,0,0,0,0,0,0
407,Jamaal,Lascelles,Lascelles,15,2,4.5,0,0.0,0,0,0,0,0,0
408,Jamal,Lewis,Lewis,15,2,4.0,0,0.1,0,0,0,0,0,0
409,Tino,Livramento,Livramento,15,2,4.6,86,8.9,2385,0,1,8,1,0
410,Sean,Longstaff,Longstaff,15,3,4.4,33,0.3,782,0,1,2,2,0
411,Lewis,Miley,Miley,15,3,5.0,18,0.0,219,1,0,0,0,0
412,Odysseas,Vlachodimos,Odysseas,15,1,4.2,0,0.1,0,0,0,0,0,0
413,Nick,Pope,Pope,15,1,4.9,81,6.3,2070,0,0,6,2,0
414,John,Ruddy,Ruddy,15,1,3.9,0,0.3,0,0,0,0,0,0
415,Fabian,Schär,Schär,15,2,5.5,98,5.5,2493,4,1,9,7,1
416,Matt,Targett,Targett,15,2,3.9,2,0.3,20,0,0,0,0,0
417,Sandro,Tonali,Tonali,15,3,5.5,86,0.8,2175,3,2,9,5,0
418,Kieran,Trippier,Trippier,15,2,5.6,54,5.6,1092,0,1,5,1,0
419,Joe,White,White,15,3,4.5,0,0.1,0,0,0,0,0,0
420,Joe,Willock,Willock,15,3,4.7,41,0.1,867,0,2,3,2,0
421,Callum,Wilson,Wilson,15,4,6.9,13,0.2,242,0,0,0,1,0
574,Miodrag,Pivaš,Pivas,15,2,4.0,0,0.1,0,0,0,0,0,0
590,William,Osula,Osula,15,4,4.9,11,0.2,83,0,0,0,0,0
746,Eddie,Howe,Howe,15,5,1.5,72,23.9,0,0,0,0,0,0
789,Sean,Neave,Neave,15,4,4.5,0,0.0,0,0,0,0,0,0
26,Álex,Moreno Lopera,Alex Moreno,16,2,4.2,34,0.4,952,0,1,3,2,0
422,Ola,Aina,Aina,16,2,5.2,123,13.0,2570,2,1,12,2,0
423,Elliot,Anderson,Anderson,16,3,5.0,100,0.3,2314,2,6,12,6,0
424,Taiwo,Awoniyi,Awoniyi,16,4,5.5,30,0.3,362,1,0,1,0,0
425,Willy,Boly,Boly,16,2,4.2,6,0.1,146,0,0,0,1,0
426,Josh,Bowler,Bowler,16,3,4.5,0,0.0,0,0,0,0,0,0
427,Carlos Miguel,dos Santos Pereira,C.Miguel,16,1,4.1,0,0.1,0,0,0,0,0,0
428,Eric,da Silva Moreira,Da Silva Moreira,16,3,4.3,2,0.1,28,0,0,0,0,0
429,Danilo,dos Santos de Oliveira,Danilo,16,3,4.7,10,0.0,264,0,0,1,0,0
430,Emmanuel,Dennis,Dennis,16,4,4.9,0,0.2,0,0,0,0,0,0
431,Nicolás,Domínguez,Dominguez,16,3,4.8,46,0.0,1614,0,1,7,8,0
432,Anthony,Elanga,Elanga,16,3,5.4,135,7.8,2046,6,9,12,1,0
433,Morgan,Gibbs-White,Gibbs-White,16,3,6.4,126,5.9,2379,5,10,12,7,1
434,Callum,Hudson-Odoi,Hudson-Odoi,16,3,5.1,100,1.5,2105,5,3,11,2,0
435,Alex,Mighten,Mighten,16,3,4.5,0,0.0,0,0,0,0,0,0
436,Murillo,Santiago Costa dos Santos,Murillo,16,2,4.7,116,5.0,2838,1,0,12,5,0
437,Neco,Williams,N.Williams,16,2,4.5,97,3.3,2138,1,2,10,5,0
438,Omar,Richards,O.Richards,16,2,4.5,0,0.0,0,0,0,0,0,0
439,Lewis,O'Brien,O'Brien,16,3,5.0,0,0.0,0,0,0,0,0,0
440,Andrew,Omobamidele,Omobamidele,16,2,4.2,0,0.0,0,0,0,0,0,0
441,Jonathan,Panzo,Panzo,16,2,4.0,0,0.0,0,0,0,0,0,0
442,Ibrahim,Sangaré,Sangaré,16,3,4.3,12,1.2,274,0,1,1,2,0
443,Matz,Sels,Sels,16,1,5.1,141,19.5,2970,0,1,13,3,0
444,Harry,Toffolo,Toffolo,16,2,4.2,4,0.1,135,0,0,0,1,0
446,Hwang,Ui-jo,Ui-jo,16,4,4.5,0,0.8,0,0,0,0,0,0
447,Chris,Wood,Wood,16,4,6.9,184,27.7,2508,19,3,15,1,0
448,Joe,Worrall,Worrall,16,2,4.5,0,0.0,0,0,0,0,0,0
449,Ryan,Yates,Yates,16,3,4.8,62,0.1,1764,2,2,6,9,0
573,Nikola,Milenković,Milenković,16,2,5.1,131,17.0,2880,4,2,13,4,0
596,João Pedro,Ferreira Silva,Jota Silva,16,3,5.9,48,0.1,811,3,2,1,5,0
620,Ramón,Sosa,Sosa,16,3,5.5,23,0.1,251,1,0,1,1,0
653,Felipe,Rodrigues da Silva,Morato,16,2,4.5,36,0.1,785,0,0,3,2,0
706,Zach,Abbott,Abbott,16,2,4.0,0,0.0,0,0,0,0,0,0
721,Wayne,Hennessey,Hennessey,16,1,4.0,0,0.0,0,0,0,0,0,0
747,Nuno Herlander,Simões Espírito Santo,Nuno,16,5,1.1,61,2.3,0,0,0,0,0,0
14,Aaron,Ramsdale,Ramsdale,17,1,4.4,80,1.4,2250,0,0,2,2,0
27,Cameron,Archer,Archer,17,4,4.9,52,1.2,1320,2,0,2,0,0
188,Lesley,Ugochukwu,Ugochukwu,17,3,4.4,42,0.3,1354,1,1,1,5,0
397,Ryan,Fraser,Fraser,17,3,4.8,7,0.0,303,0,0,0,0,1
451,Samuel,Amo-Ameyaw,Amo-Ameyaw,17,3,4.4,1,0.1,26,0,0,0,1,0
452,Joe,Aribo,Aribo,17,3,4.9,70,0.1,1903,3,0,1,1,0
453,Adam,Armstrong,Armstrong,17,4,5.1,45,0.5,1246,2,3,2,4,0
454,Gavin,Bazunu,Bazunu,17,1,4.3,0,0.1,0,0,0,0,0,0
455,Jan,Bednarek,Bednarek,17,2,4.0,51,2.1,2261,2,0,2,7,0
456,Armel,Bella-Kotchap,Bella-Kotchap,17,2,3.9,2,0.4,329,0,0,0,0,0
457,James,Bree,Bree,17,2,3.9,15,0.3,886,0,1,0,0,0
458,Shea,Charles,Charles,17,3,4.5,0,0.0,0,0,0,0,0,0
459,Samuel,Edozie,Edozie,17,3,4.9,1,0.0,64,0,0,0,1,0
460,Ronnie,Edwards,Edwards,17,2,3.9,1,0.2,12,0,0,0,0,0
461,Taylor,Harwood-Bellis,Harwood-Bellis,17,2,4.0,47,4.6,2473,1,0,2,8,0
462,Kamaldeen,Sulemana,Kamaldeen,17,3,5.0,46,0.0,1037,1,2,2,0,0
463,Adam,Lallana,Lallana,17,3,5.0,17,0.0,352,0,2,0,4,0
464,Juan,Larios López,Larios,17,2,3.9,0,0.1,0,0,0,0,0,0
465,Mateusz,Lis,Lis,17,1,4.0,0,0.1,0,0,0,0,0,0
466,Joe,Lumley,Lumley,17,1,4.0,8,0.4,270,0,0,0,0,0
467,Ryan,Manning,Manning,17,2,4.3,28,0.1,1276,0,1,1,2,0
468,Sékou,Mara,Mara,17,4,5.0,0,0.0,0,0,0,0,0,0
469,Alex,McCarthy,McCarthy,17,1,4.2,12,0.1,450,0,0,0,0,0
470,Paul,Onuachu,Onuachu,17,4,4.9,49,0.3,973,4,1,1,4,0
471,Will,Smallbone,Smallbone,17,3,5.0,22,0.0,604,1,0,0,1,0
472,Jack,Stephens,Stephens,17,2,4.0,17,0.3,1074,0,0,1,2,2
473,Ross,Stewart,Stewart,17,4,4.4,6,1.7,171,0,0,0,1,0
474,Sugawara,Yukinari,Sugawara,17,2,4.2,42,0.1,1458,1,1,2,4,0
475,Charlie,Taylor,Taylor,17,2,3.9,5,3.3,263,0,0,0,1,0
476,Kyle,Walker-Peters,Walker-Peters,17,2,4.2,52,0.3,2738,0,3,2,5,0
477,Nathan,Wood-Gordon,Wood,17,2,4.0,13,1.1,622,0,0,1,2,0
515,Maxwel,Cornet,Cornet,17,3,4.7,1,0.0,71,0,0,0,1,0
518,Flynn,Downes,Downes,17,3,4.7,39,0.0,1699,1,0,3,10,0
584,Ben,Brereton Díaz,Brereton Díaz,17,3,4.8,13,0.1,446,0,0,0,1,0
608,Tyler,Dibling,Dibling,17,3,4.3,61,1.4,1675,2,2,2,6,0
623,Mateus Gonçalo,Espanha Fernandes,M.Fernandes,17,3,5.0,81,0.1,2500,2,3,4,8,0
693,Joseph,O'Brien-Whitmarsh,O'Brien-Whitmarsh,17,3,4.5,0,0.0,0,0,0,0,0,0
718,Welington Damascena,Santos,Welington,17,2,4.0,6,0.0,211,0,0,0,1,0
719,Joachim,Kayi-Sanda,Kayi Sanda,17,2,4.0,0,0.0,0,0,0,0,0,0
734,Albert,Grønbæk,Grønbæk,17,3,4.9,6,0.0,141,0,0,0,0,0
748,Simon,Rusk,Rusk,17,5,0.5,26,0.1,0,0,0,0,0,0
798,Jay,Robinson,Jay Robinson,17,4,4.5,1,0.0,1,0,0,0,0,0
82,Dominic,Solanke-Mitchell,Solanke,18,4,7.3,94,4.8,2051,7,5,4,0,0
478,Ashley,Phillips,A.Phillips,18,2,4.0,0,0.1,0,0,0,0,0,0
479,Brandon,Austin,Austin,18,1,4.0,1,0.4,90,0,0,0,0,0
480,Rodrigo,Bentancur,Bentancur,18,3,4.9,47,0.1,1514,2,0,3,7,0
481,Lucas,Bergvall,Bergvall,18,3,4.4,42,1.0,1110,0,2,3,3,0
482,Yves,Bissouma,Bissouma,18,3,4.8,45,0.2,1200,2,0,3,7,0
483,Bryan,Gil Salvatierra,Bryan,18,3,5.0,0,0.0,0,0,0,0,0,0
484,Ben,Davies,Davies,18,2,4.3,26,0.2,945,0,0,3,3,0
485,Alfie,Devine,Devine,18,3,4.5,0,0.0,0,0,0,0,0,0
486,Radu,Drăgușin,Dragusin,18,2,4.3,24,0.2,1250,0,0,2,1,0
487,Emerson,Leite de Souza Junior,E.Royal,18,2,4.5,0,0.0,0,0,0,0,0,0
488,Fraser,Forster,Forster,18,1,4.3,19,0.3,630,0,0,1,0,0
489,Archie,Gray,Gray,18,3,4.6,37,0.2,1345,0,0,2,0,0
490,Pierre-Emile,Højbjerg,Højbjerg,18,3,5.0,0,0.0,0,0,0,0,0,0
491,Brennan,Johnson,Johnson,18,3,6.2,132,2.5,1988,11,6,2,5,0
492,Dejan,Kulusevski,Kulusevski,18,3,6.2,113,2.3,2233,7,4,6,3,0
493,Giovani,Lo Celso,Lo Celso,18,3,4.9,0,0.0,0,0,0,0,0,0
494,James,Maddison,Maddison,18,3,7.4,129,4.3,1754,9,7,6,6,0
495,Pedro,Porro,Pedro Porro,18,2,5.3,99,17.7,2459,2,6,6,4,0
496,Sergio,Reguilón,Reguilón,18,2,4.1,1,0.2,121,0,0,0,2,0
497,Richarlison,de Andrade,Richarlison,18,4,6.8,31,0.4,380,4,1,1,1,0
498,Cristian,Romero,Romero,18,2,4.9,49,3.5,1416,1,1,3,3,0
499,Pape Matar,Sarr,P.M.Sarr,18,3,4.7,64,0.2,1579,3,2,2,6,0
500,Dane,Scarlett,Scarlett,18,4,4.4,6,0.8,31,0,1,0,0,0
502,Manor,Solomon,Solomon,18,3,5.4,0,0.0,0,0,0,0,0,0
503,Son,Heung-min,Son,18,3,9.7,126,4.5,2001,7,10,4,1,0
504,Djed,Spence,Spence,18,2,4.4,47,0.9,1423,1,2,3,2,1
505,Destiny,Udogie,Udogie,18,2,4.8,45,1.5,1743,0,1,2,2,0
506,Micky,van de Ven,Van de Ven,18,2,4.5,31,2.4,949,0,2,2,4,0
507,Alejo,Véliz,Veliz,18,4,5.0,0,0.0,0,0,0,0,0,0
508,Guglielmo,Vicario,Vicario,18,1,4.8,63,1.9,1890,0,0,4,1,0
509,Timo,Werner,Werner,18,3,6.2,34,0.1,504,0,3,1,0,0
510,Alfie,Whiteman,Whiteman,18,1,3.9,0,1.8,0,0,0,0,0,0
609,Will,Lankshear,Lankshear,18,4,4.5,3,1.0,10,0,0,0,0,0
610,Mikey,Moore,Moore,18,3,4.5,14,0.2,180,0,2,0,0,0
612,Wilson,Odobert,Odobert,18,3,5.3,18,0.0,510,0,0,1,0,0
683,Callum,Olusesi,Olusesi,18,3,4.5,0,0.0,0,0,0,0,0,0
684,Malachi,Hardy,Hardy,18,2,4.0,0,0.0,0,0,0,0,0,0
689,Luca,Williams-Barnett,Williams-Barnett,18,3,4.5,0,0.0,0,0,0,0,0,0
699,Alfie,Dorrington,Dorrington,18,2,4.0,1,0.0,13,0,0,0,0,0
700,Maeson,King,King,18,2,4.0,0,0.0,0,0,0,0,0,0
716,Antonín,Kinsky,Kinsky,18,1,4.1,12,0.1,360,0,0,1,0,0
717,Min-Hyeok,Yang,Yang,18,3,4.5,0,0.0,0,0,0,0,0,0
729,Damola,Ajayi,Ajayi,18,3,4.5,0,0.0,0,0,0,0,0,0
749,Ange,Postecoglou,Postecoglou,18,5,1.1,52,0.2,0,0,0,0,0,0
760,Dante,Cassanova,Cassanova,18,2,4.0,0,0.0,0,0,0,0,0,0
767,Kevin,Danso,Danso,18,2,4.4,12,0.0,392,0,0,1,0,0
768,Mathys,Tel,Tel,18,3,5.8,28,0.1,489,2,0,2,0,0
123,Evan,Ferguson,Ferguson,19,4,5.5,27,0.3,375,1,0,1,0,0
388,Aaron,Wan-Bissaka,Wan-Bissaka,19,2,4.5,92,5.1,2704,2,3,5,1,0
511,Edson,Álvarez Velázquez,Álvarez,19,3,5.0,37,0.1,1632,0,1,3,6,1
512,Michail,Antonio,Antonio,19,4,5.2,42,0.8,834,1,4,4,1,0
513,Alphonse,Areola,Areola,19,1,4.2,54,6.3,1899,0,0,3,0,0
514,Jarrod,Bowen,Bowen,19,3,7.5,145,8.7,2542,9,8,7,1,0
516,Vladimír,Coufal,Coufal,19,2,4.1,19,0.4,852,0,0,1,4,0
517,Aaron,Cresswell,Cresswell,19,2,3.9,27,1.8,583,0,0,2,2,0
519,George,Earthy,Earthy,19,3,4.5,0,0.0,0,0,0,0,0,0
520,Emerson,Palmieri dos Santos,Emerson,19,2,4.4,71,0.6,1926,2,1,5,5,0
521,Łukasz,Fabiański,Fabianski,19,1,4.0,36,11.1,1070,0,0,2,2,0
522,Wes,Foderingham,Foderingham,19,1,4.2,0,0.1,0,0,0,0,0,0
523,Danny,Ings,Ings,19,4,4.9,32,1.2,270,1,3,0,0,0
524,Max,Kilman,Kilman,19,2,4.3,71,1.3,2898,0,1,5,4,0
525,Mohammed,Kudus,Kudus,19,3,6.2,83,2.4,2242,3,3,6,1,1
526,Luis Guilherme,Lira dos Santos,L.Guilherme,19,3,4.6,11,0.0,128,0,0,0,0,0
527,Lucas,Tolentino Coelho de Lima,L.Paquetá,19,3,5.7,76,1.0,2163,4,1,4,8,0
528,Konstantinos,Mavropanos,Mavropanos,19,2,4.3,41,0.1,1846,0,0,2,3,1
529,Nayef,Aguerd,N.Aguerd,19,2,4.4,0,0.0,0,0,0,0,0,0
530,Tomáš,Souček,Souček,19,3,4.9,104,1.4,2157,7,2,6,8,0
531,James,Ward-Prowse,Ward-Prowse,19,3,6.1,36,0.5,1151,0,2,4,2,1
532,Kurt,Zouma,Zouma,19,2,4.4,0,0.1,0,0,0,0,0,0
576,Andy,Irving,Irving,19,3,4.7,9,0.0,161,0,0,0,2,0
587,Crysencio,Summerville,Summerville,19,3,5.5,33,0.3,776,1,1,2,2,0
588,Guido,Rodríguez,G.Rodríguez,19,3,4.8,29,0.1,1016,0,0,3,5,0
589,Niclas,Füllkrug,Füllkrug,19,4,6.7,35,0.8,538,3,2,2,2,0
591,Jean-Clair,Todibo,Todibo,19,2,4.2,43,0.3,1393,0,0,4,2,0
643,Kaelan,Casey,Casey,19,2,4.0,1,0.2,1,0,0,0,0,0
654,Carlos,Soler,C.Soler,19,3,5.0,45,0.0,1336,1,1,2,5,0
677,Ollie,Scarles,Scarles,19,2,4.0,27,0.2,588,0,0,2,1,0
686,Ezra,Mayers,Mayers,19,2,4.0,0,0.0,0,0,0,0,0,0
701,Lewis,Orford,Orford,19,3,4.5,2,0.0,47,0,0,0,0,0
750,Graham,Potter,Potter,19,5,0.5,58,1.0,0,0,0,0,0,0
204,Sam,Johnstone,Johnstone,20,1,4.1,12,0.3,630,0,0,0,0,0
533,Rayan,Aït-Nouri,Aït-Nouri,20,2,5.0,109,14.4,2702,4,6,6,5,1
534,Boubacar,Traoré,B.Traore,20,3,4.8,1,0.0,1,0,0,0,0,0
535,Jean-Ricner,Bellegarde,Bellegarde,20,3,4.9,80,0.2,1472,2,6,6,3,0
536,Daniel,Bentley,Bentley,20,1,3.9,7,1.8,90,0,0,1,0,0
537,Francisco Jorge,Tomás Oliveira,Chiquinho,20,3,4.5,1,0.1,6,0,0,0,0,0
538,Tawanda,Chirewa,Chirewa,20,3,4.5,0,0.0,0,0,0,0,0,0
539,Leon,Chiwome,Chiwome,20,4,4.4,0,1.1,0,0,0,0,0,0
540,Luke,Cundle,Cundle,20,3,4.5,0,0.1,0,0,0,0,0,0
541,Matheus,Santos Carneiro Da Cunha,Cunha,20,4,6.9,158,12.4,2253,14,5,6,3,0
542,Craig,Dawson,Dawson,20,2,4.2,17,0.1,969,0,1,1,2,0
543,Matt,Doherty,Doherty,20,2,4.3,64,0.3,1814,2,1,5,6,0
544,Tommy,Doyle,Doyle,20,3,4.7,28,0.0,474,0,1,0,1,0
545,Fábio,Silva,Fábio Silva,20,4,5.0,0,0.1,0,0,0,0,0,0
546,Nathan,Fraser,Fraser,20,4,4.5,0,1.0,0,0,0,0,0,0
547,Enso,González,Gonzalez,20,3,4.4,0,0.0,0,0,0,0,0,0
548,Gonçalo Manuel,Ganchinho Guedes,Guedes,20,3,5.3,55,0.1,756,2,4,3,1,0
549,Hugo,Bueno López,H.Bueno,20,2,4.5,0,0.0,0,0,0,0,0,0
550,Hwang,Hee-chan,Hee Chan,20,3,6.1,35,0.3,632,2,1,0,0,0
551,Joe,Hodge,Hodge,20,3,4.5,0,0.2,0,0,0,0,0,0
552,Ki-Jana,Hoever,Hoever,20,2,4.0,0,0.1,0,0,0,0,0,0
553,João Victor,Gomes da Silva,J.Gomes,20,3,4.9,79,0.3,2601,3,1,5,8,1
554,José,Malheiro de Sá,José Sá,20,1,4.4,74,3.2,2250,0,0,6,2,0
555,Saša,Kalajdžić,Kalajdžić,20,4,4.8,0,0.0,0,0,0,0,0,0
556,Tom,King,King,20,1,4.0,0,1.2,0,0,0,0,0,0
557,Mario,Lemina,Mario Jr.,20,3,4.8,47,0.1,1363,1,3,1,4,0
558,Yerson,Mosquera,Mosquera,20,2,3.8,3,0.8,441,0,0,0,2,0
559,Nélson,Cabral Semedo,N.Semedo,20,2,4.5,74,0.7,2491,0,4,7,7,0
561,Pedro,Cardoso de Lima,Pedro Lima,20,2,3.9,2,1.2,69,0,0,0,0,0
562,Daniel,Castelo Podence,Podence,20,3,5.5,2,0.0,46,0,0,0,0,0
563,Rodrigo,Martins Gomes,R.Gomes,20,3,5.1,31,0.1,621,1,0,1,0,0
564,Santiago,Bueno,S.Bueno,20,2,4.3,49,0.1,1665,0,0,5,2,0
565,Pablo,Sarabia,Sarabia,20,3,5.0,45,0.2,665,3,2,1,3,0
566,Jørgen,Strand Larsen,Strand Larsen,20,4,5.4,123,5.2,2389,12,2,6,4,0
567,Toti António,Gomes,Toti,20,2,4.3,70,0.3,2163,0,1,7,5,0
637,Bastien,Meupiyou,Meupiyou,20,2,3.9,0,0.2,0,0,0,0,0,0
642,André,Trindade da Costa Neto,André,20,3,5.0,51,0.0,2087,0,0,6,7,0
655,Carlos Roberto,Forbs Borges,Forbs,20,3,5.4,8,0.0,235,0,0,0,2,0
664,Alfie,Pond,Pond,20,2,3.9,1,0.8,1,0,0,0,0,0
682,Tom,Edozie,Edozie,20,3,4.5,0,0.0,0,0,0,0,0,0
711,Wes,Okoduwa,Okoduwa,20,2,4.0,0,0.0,0,0,0,0,0,0
720,Emmanuel,Agbadou,Agbadou,20,2,4.0,29,0.3,960,0,0,3,2,0
751,Vítor Manuel,de Oliveira Lopes Pereira,Pereira,20,5,0.8,89,4.0,0,0,0,0,0,0
769,Nasser,Djiga,Djiga,20,2,4.5,4,0.0,20,0,0,0,0,0
770,Marshall,Munetsi,Munetsi,20,3,5.0,33,0.1,698,1,2,4,0,0
784,Mateus,Mané,Mané,20,4,4.5,0,0.0,0,0,0,0,0,0
